"Before importing CSV, delete initial column and rows above the CSVHEADER row","","","","","","","","","","","","","","","","","","","","","","","","","","","","","","","","","","","","","","","","","","","","","","","","","","","","","","","","","","","","","","","","","","","","","","","","","","","","","","","","","","","","","","","","","","","","","","","","","","","","","","","","","","","","","","","","","","","","","","","","","","","","","","","","","","","","","","","","","","","","","","","","","","","","","","","","","","","","","","","","","","","","","","","","","","","","","","","","","","","","","","","","","","","","","","","","","","","","","","","","","","","","","","","","","","","","","","","","","","","","","","","","","","","","","","","","","","","","","","","","","","","","","","","","","","","","","","","","","","","","","","","","","","","","","","","","","","","",""
REQUIRED,y,n,n,n,n,n,n,n,n,n,n,n,n,n,n,n,n,n,n,n,n,n,n,n,n,n,n,n,n,n,n,n,n,n,n,n,n,n,n,n,n,n,n,n,n,n,n,n,n,n,n,n,n,n,n,n,n,n,n,n,n,n,n,n,n,n,n,n,n,n,n,n,n,n,n,n,n,n,n,n,n,n,n,n,n,n,n,n,n,n,n,n,n,n,n,n,n,n,n,n,n,n,n,n,n,n,n,n,n,n,n,n,n,n,n,n,n,n,n,n,n,n,n,n,n,n,n,n,n,n,n,n,n,n,n,n,n,n,n,n,n,n,n,n,n,n,n,n,n,n,n,n,n,n,n,n,n,n,n,n,n,n,n,n,n,n,n,n,n,n,n,n,n,n,n,n,n,n,n,n,n,n,n,n,n,n,n,n,n,n,n,n,n,n,n,n,n,n,n,n,n,n,n,n,n,n,n,n,n,n,n,n,n,n,n,n,n,n,n,n,n,n,n,n,n,n,n,n,n,n,n,n,n,n,n,n,n,n,n,n,n,n,n,n,n,n,n,n,n,n,n,n,n,n,n,n,n,n,n,n,n,n,n,n,n,n,n,n,n,n,n,n,n,n,n,n
DATA TYPE,string,integer,string,string,string,string,string,string,string,string,string,string,string,string,string,string,string,string,string,string,string,string,string,string,string,string,string,string,date,string,string,string,string,string,string,string,float,string,string,date,string,string,string,string,string,string,string,string,string,string,string,string,structured date group,string,string,string,string,string,string,string,string,string,string,string,structured date group,string,string,string,string,string,string,string,string,string,string,string,string,string,string,string,string,string,string,string,string,string,string,string,boolean,string,string,structured date group,string,string,string,string,string,string,date,string,string,string,string,string,string,string,string,string,string,string,string,integer,string,string,string,string,string,structured date group,string,string,string,string,string,integer,string,string,integer,boolean,string,string,string,string,string,string,string,string,string,string,string,string,structured date group,string,string,string,string,string,string,string,string,string,string,string,string,string,string,string,string,string,string,string,structured date group,string,string,string,string,string,string,string,string,string,string,structured date group,string,string,string,string,string,string,string,string,string,string,string,string,string,string,string,string,string,string,string,string,string,string,string,string,string,string,string,string,string,string,string,string,structured date group,string,string,string,string,string,structured date group,string,string,string,string,float,string,string,string,string,string,string,string,string,string,string,string,string,string,string,string,string,string,string,string,string,string,string,string,string,string,float,float,string,float,string,string,float,float,string,string,float,float,string,string,float,float,string,string,string,string,string,string,string,string,string,string,structured date group,string,string,string,string,string,string,string,string
REPEATABLE FIELD?,n,n,n,n,y,n,n,n,y,n,n,n,y,y,y,n,n,n,n,n,n,n,n,n,n,y,n,n,n,n,n,n,n,n,n,n,n,n,n,n,n,n,n,n,n,n,n,n,n,n,n,n,n,y,n,n,n,y,y,y,n,y,n,n,y,n,n,n,n,n,y,n,n,n,n,n,n,n,n,y,y,y,y,n,n,n,n,n,n,n,n,n,y,n,n,n,n,n,n,y,n,n,y,y,n,n,n,n,n,n,n,n,n,n,n,n,n,n,n,n,n,n,n,n,n,n,n,n,n,n,n,n,n,n,n,n,y,y,y,y,n,y,n,n,y,y,y,y,y,y,y,n,n,n,n,n,n,n,n,n,n,n,n,n,n,n,n,n,n,n,n,n,n,n,n,n,n,n,n,n,n,n,n,n,n,n,n,n,n,n,n,n,n,n,n,n,n,n,n,y,y,y,y,n,n,n,n,n,n,n,n,n,n,n,n,n,n,n,n,y,n,n,n,n,y,n,n,n,n,n,n,n,n,n,n,n,n,n,n,n,n,n,n,n,n,n,n,n,n,n,n,n,n,n,n,n,n,n,n,n,n,n,n,n,n,n,n,n,n,n,n,n,n,n,n,n
IN REPEATING FIELD GROUP?,n/a,n/a,y,y,n,n/a,n/a,n/a,n,n/a,n/a,n/a,n,n,n,y,y,y,y,y,y,y,y,y,y,n,y,y,y,y,y,y,y,y,y,y,y,y,y,y,y,y,y,y,y,y,y,y,y,y,y,y,n/a,n,n/a,n/a,n/a,n,n,n,n/a,n,n/a,n/a,n,y,y,y,y,y,n,y,y,y,y,y,y,y,n/a,n,n,n,n,y,y,y,y,y,n/a,n/a,n/a,n/a,n,y,y,y,y,y,y,n,n/a,n/a,n,n,n/a,n/a,y,y,n/a,n/a,n/a,n/a,n/a,y,y,y,y,y,y,y,y,y,y,y,y,y,y,y,y,y,y,y,y,y,y,n/a,n,n,n,n,n/a,n,y,y,n,n,n,n,n,n,n,y,y,y,y,n/a,y,y,y,y,y,y,y,y,y,y,y,y,y,y,y,y,y,y,y,y,y,y,y,y,y,y,y,y,y,y,y,y,y,y,y,y,y,y,y,y,y,n/a,n/a,n,n,n,n,n/a,y,y,y,n/a,y,y,y,y,y,y,y,y,y,n/a,n/a,n,n/a,n/a,n/a,n/a,n,n/a,y,y,y,y,y,y,y,y,y,y,y,y,y,y,y,y,y,y,y,y,y,y,y,y,y,y,y,y,y,y,y,y,y,y,y,y,y,y,y,y,y,y,y,y,y,y,y,y,y,y
VALUE SOURCE,"","","","lender, obsolete, previous, serial, unknown","antiquities, architecture-design, decorative-arts, ethnography, herpetology, media-performance-art, paintings-sculpture, paleobotany, photographs, prints-drawings","library-collection, permanent-collection, study-collection, teaching-collection",workauthorities/work,"approved, in-process, new, temporary","",locationauthorities/location,locationauthorities/offsite_sla,orgauthorities/organization,conceptauthorities/ethfilecode,vocabulary: publishto,vocabulary: inventorystatus,"","current, out of date, unknown","group, subgroup","AASLH Nomenclature, Bennyhoff Olivella bead typology, Getty Art & Architecture Thesaurus, Gifford worked bone typology, Gifford worked shell typology, Heizer projectile point typology, Justice projectile point typology, Meighan historic glass bead typology, Treganza clay artifact typology, no system","classified, denomination, simple, taxonomic, typological",vocabulary: languages,"","","","","",vocabulary: annotationtype,"","",personauthorities/person,"base, frame, framed, image-size, mount, paper-size, plate-size, unframed","","area, base, circumference, count, depth, diameter, height, length, running-time, target, volume, weight, width",personauthorities/person,orgauthorities/organization,"balance_beam_scale, electronic_distance_measurement, goniometer, hydraulic_or_pneumatic_scale, measuring_tape_cloth, measuring_tape_metal, microscopy_reticule, odometer, optical_range_finder, osteometric_board, pacing_pedometer, protractor, ruler, sliding_calipers, spreading_calipers, spring_scale, stadia_transit, standard_mesh_screen, taping_chaining, theodolite_total_station","","carats, centimeters, cubic-centimeters, feet, inches, kilograms, liters, meters, millimeters, minutes, ounces, pixels, pounds, square-feet, stories, tons","","","","","","","","",vocabulary: languages,"assigned-by-artist, collection, generic, popular, series, trade","",vocabulary: languages,"","","",vocabulary: collectionmethod,placeauthorities/place,placeauthorities/tgn_place,"",personauthorities/person,personauthorities/person,orgauthorities/organization,"","","","","","",vocabulary: prodtechniquetype,placeauthorities/place,placeauthorities/tgn_place,vocabulary: prodplacerole,"",conceptauthorities/archculture,conceptauthorities/ethculture,vocabulary: prodpeoplerole,personauthorities/person,vocabulary: prodpersonrole,orgauthorities/organization,vocabulary: prodorgrole,"",vocabulary: nagprainventory,vocabulary: nagpracategory,vocabulary: graveassoccode,"",conceptauthorities/archculture,vocabulary: nagpradetermtype,personauthorities/person,orgauthorities/organization,"","",personauthorities/person,orgauthorities/organization,"","",vocabulary: limitationtype,vocabulary: limitationlevel,"",personauthorities/person,orgauthorities/organization,"","bagged, bottled, boxed, dry, ground, in can or tin, in drum, mounted, pinned, thin section, unknown, wet, wrapped","","","","","","","blade, buttonhole, handle, sleeve","","female, male","adult/mature, egg, indeterminate, larva, multiple, seed, subadult/immature, unknown",vocabulary: agequalifier,"","days, months, weeks, years",taxonomyauthority/taxon,vocabulary: taxonqualifier,personauthorities/person,orgauthorities/organization,"",orgauthorities/organization,vocabulary: taxonkind,"","","","","",vocabulary: bodyside,"","","Female, Indeterminate, Male, Possibly female, Possibly male, Probably female, Probably male, Unknown",vocabulary: agerange,vocabulary: mortuarytreatment,"",vocabulary: behrensmeyer,vocabulary: behrensmeyer,"","",vocabulary: languages,"",conceptauthorities/concept,conceptauthorities/material_ca,"","back, base, bottom, front, inside, left, outside, recto, right, rim, top, verso","","food, furniture","",personauthorities/person,personauthorities/ulan_pa,"","carolingian-miniscule, gothic-script, palmer-method, roman-cursive, rustic-capitals, spencerian-method, square-capitals",orgauthorities/organization,orgauthorities/ulan_oa,"","","","","","",personauthorities/person,orgauthorities/organization,vocabulary: languages,"","back, base, bottom, front, inside, left, outside, recto, right, rim, top, verso","carolingian-miniscule, gothic-script, palmer-method, roman-cursive, rustic-capitals, spencerian-method, square-capitals","brand, decoration, estate-stamp, graffiti, label, maker's-mark","","","","","",personauthorities/person,orgauthorities/organization,"","back, base, bottom, front, inside, left, outside, recto, right, rim, top, verso","brand, decoration, estate-stamp, graffiti, label, maker's-mark","","","","","","","","",conceptauthorities/concept,"","","","","",orgauthorities/organization,"","",personauthorities/person,"","","","","","","",orgauthorities/organization,"",personauthorities/person,"","","","","","",personauthorities/person,orgauthorities/organization,"","company, private, public",placeauthorities/place,"bequest, exchange, gift, purchase, transfer, treasure",vocabulary: currency,"","","","","","","","","","","",citationauthorities/citation,citationauthorities/worldcat,"","",placeauthorities/place,"","Abbeville, Aberdeenshire (UK), Acadia, Acaponeta, Accomack, Ada, Adair, Adams, Addison, Agusan del Norte, Ahuacatlan, Aiken, Aitkin, Alachua, Alamance, Alameda, Alamosa, Albany, Albemarle, Alcona, Alcorn, Aleutians East, Aleutians West, Alexander, Alexandria, Alfalfa, Alger, Allamakee, Allegan, Allegany, Alleghany, Allegheny, Allen, Allendale, Alpena, Alpine, Amador, Amazonas, Amelia, Amherst, Amite, Anchorage, Anderson, Andrew, Andrews, Androscoggin, Angelina, Anglesey, Anglesey (UK), Angus (Forfarshire) (UK), Anne Arundel, Anoka, Anson, Antelope, Antonina, Antrim, Antrim (UK), Apache, Appanoose, Appling, Appomattox, Aransas, Arapahoe, Archer, Archuleta, Arenac, Argyll (Argyllshire) (UK), Arkansas, Arlington, Armagh (UK), Armstrong, Aroostook, Arran, Island of, Arthur, Ascension, Ashe, Ashland, Ashley, Ashtabula, Asotin, Assumption, Atascosa, Atchison, Athens, Atkinson, Atlantic, Atoka, Attala, Audrain, Audubon, Auglaize, Augusta, Aurora, Austin, Autauga, Avery, Avoyelles, Ayopaya, Ayrshire (UK), Ba, Baca, Bacon, Bagua, Bailey, Baker, Baldwin, Ballard, Baltimore, Bamberg, Bandera, Banffshire (UK), Banks, Banner, Bannock, Baraga, Barber, Barbour, Barnes, Barnstable, Barnwell, Barreiras, Barren, Barron, Barrow, Barry, Bartholomew, Barton, Bartow, Bastrop, Bates, Bath, Baxter, Bay, Bayfield, Baylor, Beadle, Bear Lake, Beaufort, Beauregard, Beaver, Beaverhead, Becker, Beckham, Bedford, Bedfordshire (UK), Bee, Belknap, Bell, Belmont, Beltrami, Ben Hill, Benewah, Bennett, Bennington, Benson, Bent, Benton, Benzie, Bergen, Berkeley, Berks, Berkshire, Berkshire (UK), Bernalillo, Berrien, Bertie, Berwickshire (UK), Bethel, Bexar, Bibb, Bienville, Big Horn, Big Stone, Billings, Bingham, Black Hawk, Blackford, Bladen, Blaine, Blair, Blanco, Bland, Bleckley, Bledsoe, Blount, Blue Earth, Boise, Bolivar, Bollinger, Bon Homme, Bonaventure, Bond, Bongara, Bonner, Bonneville, Boone, Borden, Bosque, Bossier, Botetourt, Bothwell Municipality, Bottineau, Boulder, Boundary, Bourbon, Bowie, Bowman, Box Butte, Box Elder, Boyd, Boyle, Bracken, Bradford, Bradley, Branch, Brantley, Braxton, Brazoria, Brazos, Breathitt, Breckinridge, Brecknockshire (Breconshire) (UK), Bremer, Brevard, Brewster, Briscoe, Bristol, Bristol Bay, Broadwater, Bronx, Brooke, Brookings, Brooks, Broome, Broomfield, Broward, Brown, Brule, Brunswick, Bryan, Buchanan, Buckingham, Buckinghamshire (UK), Bucks, Buena Vista, Buffalo, Bullitt, Bulloch, Bullock, Buncombe, Bureau, Burke, Burleigh, Burleson, Burlington, Burnet, Burnett, Burnie Municipality, Burt, Buteshire (UK), Butler, Butte, Butts, Cabarrus, Cabell, Cache, Caddo, Caernarfonshire (Carnarvonshire) (UK), Caithness (UK), Cajamarca, Calaveras, Calcasieu, Caldwell, Caledonia, Calhoun, Callahan, Callaway, Calloway, Calumet, Calvert, Camas, Cambria, Cambridgeshire (UK), Camden, Cameron, Camp, Campbell, Canadian, Candelaria, Candler, Cannon, Canyon, Cape Girardeau, Cape May, Capiz, Carangola, Carbon, Cardiganshire (UK), Caribou, Carlisle, Carlton, Carmarthenshire (UK), Caroline, Carroll, Carson, Carson City, Carter, Carteret, Carver, Cascade, Casey, Cass, Cassia, Castro, Castrovirreina, Caswell, Catahoula, Catawba, Catoosa, Catron, Cattaraugus, Cautin, Cavalier, Cayuga, Cecil, Cedar, Celendin, Centre, Cerro Gordo, Chachapoyas, Chaffee, Chambers, Champaign, Chariton, Charles, Charles City, Charles Mix, Charleston, Charlevoix, Charlotte, Charlottesville, Charlton, Chase, Chatham, Chattahoochee, Chattooga, Chautauqua, Chaves, Cheatham, Cheboygan, Chelan, Chemung, Chenango, Cherokee, Cherry, Chesapeake, Cheshire, Cheshire (UK), Chester, Chesterfield, Cheyenne, Chiang Mai, Changwat, Chickasaw, Chicligasta, Chicot, Childress, Chilton, Chippewa, Chisago, Chittenden, Choctaw, Chouteau, Chowan, Christian, Churchill, Cibola, Cimarron, Citrus, Clackamas, Clackmannanshire (UK), Claiborne, Clallam, Clare, Clarendon, Clarion, Clark, Clarke, Clatsop, Clay, Clayton, Clear Creek, Clearfield, Clearwater, Cleburne, Clermont, Cleveland, Clinch, Clinton, Cloud, Coahoma, Coal, Cobb, Cochise, Cochran, Cocke, Coconino, Codington, Coffee, Coffey, Coke, Colbert, Cole, Coleman, Coles, Colfax, Colleton, Collier, Collin, Collingsworth, Colonial Heights, Colorado, Colquitt, Columbia, Columbiana, Columbus, Colusa, Comal, Comanche, Comondú, Compostela, Concho, Concordia, Conecuh, Conejos, Contra Costa, Converse, Conway, Cook, Cooke, Cooper, Coos, Coosa, Copiah, Cornwall, Cornwall (UK), Corson, Cortland, Corumba, Coryell, Coshocton, Costilla, Cottle, Cotton, Cottonwood, Covington, Coweta, Cowley, Cowlitz, Craig, Craighead, Crane, Craven, Crawford, Creek, Crenshaw, Crisp, Crittenden, Crockett, Cromartyshire (UK), Crook, Crosby, Cross, Crow Wing, Crowley, Culberson, Cullman, Culpeper, Cumberland, Cumberland (UK), Cuming, Currituck, Curry, Custer, Cuyahoga, Dade, Daggett, Dakota, Dale, Dallam, Dallas, Dane, Daniels, Danville, Dare, Darke, Darlington, Dauphin, Davidson, Davie, Daviess, Davis, Davison, Dawes, Dawson, Day, De Baca, De Kalb, De Soto, De Witt, DeKalb, DeSoto, DeWitt, Deaf Smith, Dearborn, Decatur, Deer Lodge, Defiance, Del Norte, Delaware, Deloraine Municipality, Delta, Denali, Denbighshire (UK), Dent, Denton, Denver, Derbyshire (UK), Des Moines, Deschutes, Desha, Deuel, Devon (UK), Dewey, Diamantina, Dickens, Dickenson, Dickey, Dickinson, Dickson, Dillingham, Dillon, Dimmit, Dinwiddie, District of Columbia, Divide, Dixie, Dixon, Doddridge, Dodge, Dolores, Dona Ana, Doniphan, Donley, Dooly, Door, Dorchester, Dorset (UK), Dougherty, Douglas, Down (UK), Doña Ana, Drew, Du Page, DuPage, Dubois, Dubuque, Duchesne, Dukes, Dumbartonshire (UK), Dumfriesshire (UK), Dundy, Dunklin, Dunn, Duplin, Durham, Durham (UK), Dutchess, Duval, Dyer, Eagle, Early, East Baton Rouge, East Carroll, East Feliciana, East Lothian (UK), Eastland, Eaton, Eau Claire, Echols, Ector, Eddy, Edgar, Edgecombe, Edgefield, Edmonson, Edmunds, Edwards, Effingham, El Dorado, El Paso, Elbert, Elk, Elkhart, Elko, Elliott, Ellis, Ellsworth, Elmore, Emanuel, Emery, Emmet, Emmons, Emporia, Ensenada, Erath, Erie, Escambia, Esmeralda, Esmeraldas, Esperance Municipality, Essex, Essex (MA), Essex (UK), Estill, Etowah, Eureka, Evangeline, Evans, Fairbanks North Star, Fairfax, Fairfield, Fall River, Fallon, Falls, Falls Church, Fannin, Faribault, Faulk, Faulkner, Fauquier, Fayette, Fentress, Fergus, Fermanagh (UK), Ferry, Fife (UK), Fillmore, Fingal Municipality, Finney, Fisher, Flagler, Flathead, Fleming, Flintshire (UK), Florence, Florida, Floyd, Fluvanna, Foard, Fond Du Lac, Fond du Lac, Ford, Forest, Forrest, Forsyth, Fort Bend, Foster, Fountain, Franklin, Frederick, Fredericksburg, Freeborn, Freestone, Fremont, Fresno, Frio, Frontier, Fulton, Furnas, Gadsden, Gage, Gaines, Galapagos, Galax, Gallatin, Gallia, Galveston, Galway, Garden, Garfield, Garland, Garrard, Garrett, Garvin, Garza, Gasconade, Gaston, Gates, Geary, Geauga, Gem, Genesee, Geneva, Gentry, George, Georgetown, Gibson, Gila, Gilchrist, Giles, Gillespie, Gilliam, Gilmer, Gilpin, Glacier, Glades, Gladwin, Glamorgan (UK), Glamorgan Municipality, Glascock, Glasscock, Glenn, Glenorchy Municipality, Gloucester, Gloucestershire (UK), Glynn, Gogebic, Golden Valley, Goliad, Gonzales, Goochland, Goodhue, Gooding, Gordon, Gormanston Municipality, Goshen, Gosper, Gouveia, Gove, Grady, Grafton, Graham, Grainger, Grand, Grand Forks, Grand Isle, Grand Traverse, Granite, Grant, Granville, Gratiot, Graves, Gray, Grays Harbor, Grayson, Greeley, Green, Green Lake, Greenbrier, Greene, Greenlee, Greensville, Greenup, Greenville, Greenwood, Greer, Gregg, Gregory, Grenada, Griggs, Grimes, Grundy, Guadalupe, Guaraquecaba, Guaratuba, Guernsey, Guilford, Gulf, Gunnison, Guthrie, Gwinnett, Haakon, Habersham, Haines, Hale, Halifax, Hall, Hamblen, Hamilton, Hamilton Municipality, Hamlin, Hampden, Hampshire, Hampshire (UK), Hampton, Hancock, Hand, Hanover, Hansford, Hanson, Haralson, Hardee, Hardeman, Hardin, Harding, Hardy, Harford, Harlan, Harmon, Harnett, Harney, Harper, Harris, Harrison, Harrisonburg, Hart, Hartford, Hartley, Harvey, Haskell, Hawaii, Hawkins, Hayes, Hays, Haywood, Heard, Hemphill, Hempstead, Henderson, Hendricks, Hendry, Hennepin, Henrico, Henry, Herefordshire (UK), Herkimer, Hernando, Hertford, Hertfordshire (UK), Hettinger, Hickman, Hickory, Hidalgo, Highland, Highlands, Hill, Hillsborough, Hillsdale, Hinds, Hinsdale, Hitchcock, Hobart Municipality, Hocking, Hockley, Hodgeman, Hoke, Holmes, Holt, Honolulu, Hood, Hood River, Hooker, Hoonah–Angoon, Hopewell, Hopkins, Horry, Hot Spring, Hot Springs, Houghton, Houston, Howard, Howell, Huancabamba, Huanuco, Hubbard, Hudson, Hudspeth, Huerfano, Hughes, Humboldt, Humphreys, Hunt, Hunterdon, Huntingdon, Huntingdonshire (UK), Huntington, Huron, Hutchinson, Hyde, Iberia, Iberville, Ida, Idaho, Imperial, Independence, Indian River, Indiana, Ingham, Inverness-shire (UK), Inyo, Ionia, Iosco, Iowa, Iredell, Irion, Iron, Iroquois, Irwin, Isabella, Isanti, Island, Isle of Wight, Issaquena, Itasca, Itawamba, Ixtlan, Izard, Jack, Jackson, Jaguariaiya, Jalisco, James City, Jasper, Jay, Jeff Davis, Jefferson, Jefferson Davis, Jenkins, Jennings, Jerauld, Jerome, Jersey, Jessamine, Jewell, Jim Hogg, Jim Wells, Jo Daviess, Johnson, Johnston, Jolo Group, Jones, Josephine, Juab, Judith Basin, Juneau, Juniata, Juquila, Kalamazoo, Kalawao, Kalkaska, Kanabec, Kanawha, Kandavu, Kandiyohi, Kane, Kankakee, Karnes, Kauai, Kaufman, Kay, Kearney, Kearny, Keith, Kemper, Kenai Peninsula, Kendall, Kenedy, Kennebec, Kenosha, Kent, Kent (UK), Kentish Municipality, Kenton, Keokuk, Kepulauan, Kepulauan Kangean Islands, Kern, Kerr, Kershaw, Ketchikan Gateway, Kewaunee, Keweenaw, Keya Paha, Kidder, Kimball, Kimble, Kincardineshire (UK), King, King George, King William, King and Queen, Kingborough Municipality, Kingfisher, Kingman, Kings, Kingsbury, Kinney, Kinross-shire (UK), Kiowa, Kirkcudbrightshire (UK), Kit Carson, Kitsap, Kittitas, Kittson, Klamath, Kleberg, Klickitat, Knott, Knox, Kodiak Island, Koochiching, Kootenai, Korinthos, Koro, Kosciusko, Kossuth, La Crosse, La Paz, La Plata, La Salle, LaGrange, LaMoure, LaPorte, LaRue, LaSalle, Labette, Lac qui Parle, Lackawanna, Laclede, Lafayette, Lafourche, Lake, Lake and Peninsula, Lake of the Woods, Lamar, Lamas, Lamb, Lamoille, Lampasas, Lanarkshire (UK), Lancashire (UK), Lancaster, Lander, Lane, Langlade, Lanier, Lapeer, Laramie, Larecaja, Larimer, Las Animas, Lassen, Latah, Latimer, Lauderdale, Launceston Municipality, Laurel, Laurens, Lavaca, Lawrence, Le Flore, Le Sueur, Lea, Leake, Leavenworth, Lebanon, Lee, Leelanau, Leflore, Lehigh, Leicestershire (UK), Lemhi, Lenawee, Lenoir, Leon, Leslie, Letcher, Levy, Lewis, Lewis and Clark, Lexington, Liberty, Licking, Lilydale Municipality, Limestone, Lincoln, Lincolnshire (UK), Linn, Lipscomb, Litchfield, Little River, Live Oak, Livingston, Llano, Logan, Loja, Londonderry (UK), Long, Longford Municipality, Lonoke, Lorain, Loreto, Los Alamos, Los Angeles, Los Cabos, Loudon, Loudoun, Louisa, Loup, Love, Loving, Lowndes, Lubbock, Lucas, Luce, Lumpkin, Luna, Lunenburg, Luzerne, Lycoming, Lyman, Lynchburg, Lynn, Lyon, Mackinac, Macomb, Macon, Macoupin, Madera, Madison, Magoffin, Mahaska, Mahnomen, Mahoning, Major, Malheur, Manabi, Manassas, Manassas Park, Manatee, Manistee, Manitowoc, Marathon, Marengo, Maricopa, Maries, Marin, Marinette, Marion, Mariposa, Marlboro, Marquette, Marshall, Martin, Martinsville, Mason, Massac, Matagorda, Matanuska-Susitna, Mathews, Maui, Maury, Maverick, Mayes, McClain, McCone, McCook, McCormick, McCracken, McCreary, McCulloch, McCurtain, McDonald, McDonough, McDowell, McDuffie, McHenry, McIntosh, McKean, McKenzie, McKinley, McLean, McLennan, McLeod, McMinn, McMullen, McNairy, McPherson, Meade, Meagher, Mecklenburg, Mecosta, Medina, Meeker, Meigs, Mellette, Menard, Mendocino, Menifee, Menominee, Merced, Mercer, Merionethshire (UK), Meriwether, Merrick, Merrimack, Mesa, Metcalfe, Mexicali, Miahuatlan, Miami, Miami-Dade, Middlesex, Middlesex (UK), Midland, Midlothian (UK), Mifflin, Milam, Millard, Mille Lacs, Miller, Mills, Milwaukee, Miner, Mineral, Mingo, Minidoka, Minnehaha, Missaukee, Mississippi, Missoula, Mitchell, Mizque, Mobile, Modoc, Moffat, Mohave, Moniteau, Monmouth, Monmouthshire (UK), Mono, Monona, Monongalia, Monroe, Montague, Montcalm, Monterey, Montezuma, Montgomery, Montgomeryshire (UK), Montmorency, Montour, Montrose, Moody, Moore, Mora, Morayshire (UK), Morehouse, Morgan, Morrill, Morris, Morrison, Morro do Chapeu, Morrow, Morton, Motley, Moultrie, Mountrail, Mower, Muhlenberg, Mulegé, Multnomah, Murray, Muscatine, Muscogee, Muskegon, Muskingum, Muskogee, Musselshell, Nacogdoches, Nairnshire (UK), Nakhon Ratchasima, Changwat, Nance, Nantucket, Nantucket (MA), Napa, Nash, Nassau, Natchitoches, Natrona, Navajo, Navarro, Nelson, Nemaha, Neosho, Neshoba, Ness, Nevada, New Castle, New Hanover, New Haven, New Kent, New London, New Madrid, New Norfolk Municipality, New York, Newaygo, Newberry, Newport, Newport News, Newton, Nez Perc, Nez Perce, Niagara, Nicholas, Nicholson, Nicollet, Niobrara, Noble, Nobles, Nodaway, Nolan, Nome, Norfolk, Norfolk (UK), Norman, North Slope, Northampton, Northamptonshire (UK), Northumberland, Northumberland (UK), Northwest Arctic, Norton, Nottinghamshire (UK), Nottoway, Nowata, Noxubee, Nuckolls, Nueces, Nueva Vizcaya, Nye, O'Brien, Oakland, Oatlands Municipality, Obion, Ocean, Oceana, Ochiltree, Oconee, Oconto, Ogemaw, Ogle, Oglethorpe, Ohio, Okaloosa, Okanogan, Okeechobee, Okfuskee, Oklahoma, Okmulgee, Oktibbeha, Oldham, Oliver, Olmsted, Oneida, Onondaga, Onslow, Ontario, Ontonagon, Orange, Orangeburg, Oregon, Orkney (UK), Orleans, Osage, Osborne, Osceola, Oscoda, Oswego, Otero, Otoe, Otsego, Ottawa, Otter Tail, Ouachita, Ouray, Outagamie, Overton, Owen, Owsley, Owyhee, Oxford, Oxfordshire (UK), Ozark, Ozaukee, Pacific, Page, Palm Beach, Palmeira, Palo Alto, Palo Pinto, Pamlico, Pampanga, Pangasinan, Panola, Paranagua, Park, Parke, Parker, Parmer, Pasco, Pasquotank, Passaic, Patrick, Paulding, Pawnee, Payette, Payne, Peach, Pearl River, Pecos, Peeblesshire (UK), Pembina, Pembrokeshire (UK), Pemiscot, Pend Oreille, Pender, Pendleton, Penguin Municipality, Pennington, Penobscot, Peoria, Pepin, Perkins, Perquimans, Perry, Pershing, Person, Perthshire (UK), Petersburg, Petroleum, Pettis, Phelps, Philadelphia, Phillips, Piatt, Pickaway, Pickens, Pickett, Pierce, Pike, Pima, Pinal, Pine, Pinellas, Pipestone, Piscataquis, Pitkin, Pitt, Pittsburg, Pittsylvania, Piura, Piute, Placer, Plaquemines, Platte, Pleasants, Plumas, Plymouth, Pocahontas, Pochutla, Poinsett, Pointe Coupee, Polk, Pondera, Pontotoc, Pope, Poquoson, Portage, Porter, Portland Municipality, Portsmouth, Posey, Pottawatomie, Pottawattamie, Potter, Powder River, Powell, Power, Poweshiek, Powhatan, Prairie, Pratt, Preble, Prentiss, Presidio, Presque Isle, Preston, Price, Prince Edward, Prince George, Prince George's, Prince William, Prince of Wales-Hyder, Providence, Prowers, Pueblo, Pujili, Pulaski, Pushmataha, Putnam, Quay, Queen Anne's, Queen Elizabeth Islands, Queens, Quezon, Quitman, Quito, Rabun, Racine, Radford, Radnorshire (UK), Raiatea, Rains, Raleigh, Ralls, Ramsey, Randall, Randolph, Rankin, Ransom, Rapides, Rappahannock, Rarotonga, Ravalli, Rawlins, Ray, Reagan, Real, Red Lake, Red River, Red Willow, Redwood, Reeves, Refugio, Renfrewshire (UK), Reno, Rensselaer, Renville, Republic, Rewa, Reynolds, Rhea, Rice, Rich, Richardson, Richland, Richmond, Riley, Ringarooma Municipality, Ringgold, Rio Arriba, Rio Blanco, Rio Branco, Rio Grande, Rio Verde, Ripley, Ritchie, Riverside, Rizal, Roane, Roanoke, Roberts, Robertson, Robeson, Rock, Rock Island, Rockbridge, Rockcastle, Rockdale, Rockingham, Rockland, Rockwall, Roger Mills, Rogers, Rolette, Rooks, Roosevelt, Rosarito, Playas de, Roscommon, Roseau, Rosebud, Ross, Ross Municipality, Ross-shire (UK), Routt, Rowan, Roxburghshire (UK), Runnels, Rush, Rusk, Russell, Russell Islands, Rutherford, Rutland, Rutland (UK), Sabah, Sabine, Sac, Sacramento, Sagadahoc, Saginaw, Saguache, Salem, Saline, Salt Lake, Saluda, Sampson, San Augustine, San Benito, San Bernardino, San Blas, San Diego, San Francisco, San Ignacio, San Jacinto, San Joaquin, San Juan, San Luis Obispo, San Mateo, San Miguel, San Patricio, San Pedro Lagunillas, San Pedro Lagunitas, San Saba, Sanborn, Sanders, Sandoval, Sandusky, Sangamon, Sanilac, Sanpete, Santa Barbara, Santa Clara, Santa Cruz, Santa Fe, Santa Maria del Oro, Santa Rosa, Santa Victoria, Sarasota, Saratoga, Sarawak, Sargent, Sarpy, Sauk, Saunders, Sawyer, Schenectady, Schleicher, Schley, Schoharie, Schoolcraft, Schuyler, Schuylkill, Scioto, Scotland, Scott, Scotts Bluff, Scottsdale Municipality, Screven, Scurry, Searcy, Sebastian, Sedgwick, Selkirkshire (UK), Seminole, Seneca, Senyavin Islands, Sequatchie, Sequoyah, Sevier, Seward, Shackelford, Shannon, Sharkey, Sharp, Shasta, Shawano, Shawnee, Sheboygan, Sheffield Municipality, Shelby, Shenandoah, Sherburne, Sheridan, Sherman, Shetland (UK), Shiawassee, Shoshone, Shropshire (UK), Sibley, Sierra, Silver Bow, Simpson, Sioux, Siskiyou, Sitka, Skagit, Skagway, Skamania, Slope, Smith, Smyth, Snohomish, Snyder, Socorro, Sola de Vega, Solano, Somerset, Somerset (UK), Somervell, Sonoma, Sorell Municipality, Southampton, Southeast Fairbanks, Spalding, Spartanburg, Spencer, Spink, Spokane, Spotsylvania, Spring Bay Municipality, St. Bernard, St. Charles, St. Clair, St. Croix, St. Francis, St. Francois, St. Helena, St. James, St. John the Baptist, St. Johns, St. Joseph, St. Landry, St. Lawrence, St. Leonards Municipality, St. Louis, St. Lucie, St. Martin, St. Mary, St. Mary's, St. Tammany, Stafford, Staffordshire (UK), Stanislaus, Stanley, Stanly, Stanton, Stark, Starke, Starr, Staunton, Ste. Genevieve, Stearns, Steele, Stephens, Stephenson, Sterling, Steuben, Stevens, Stewart, Stillwater, Stirlingshire (UK), Stoddard, Stokes, Stone, Stonewall, Storey, Story, Strafford, Stutsman, Sublette, Sud Yungas, Suffolk, Suffolk (UK), Sullivan, Sully, Summers, Summit, Sumner, Sumter, Sunflower, Surrey (UK), Surry, Susquehanna, Sussex, Sussex (UK), Sutherland (UK), Sutter, Sutton, Suwannee, Swain, Sweet Grass, Sweetwater, Swift, Swisher, Switzerland, Tahiti, Talbot, Taliaferro, Talladega, Tallahatchie, Tallapoosa, Taltal, Tama, Taney, Tangipahoa, Taos, Tarrant, Tasman Municipality, Tate, Tattnall, Taylor, Tazewell, Tecate, Tehama, Telfair, Teller, Tensas, Tepic, Terrebonne, Terrell, Terry, Teton, Texas, Thayer, Thomas, Throckmorton, Thurston, Tift, Tijuana, Tillamook, Tillman, Tioga, Tippah, Tippecanoe, Tipton, Tishomingo, Titus, Todd, Tolland, Tom Green, Tompkins, Tompkins (NY), Tooele, Toole, Toombs, Torrance, Towner, Towns, Traill, Transylvania, Traverse, Travis, Treasure, Trego, Trempealeau, Treutlen, Trigg, Trimble, Trinity, Tripp, Troup, Trousdale, Trumbull, Tucker, Tulare, Tulsa, Tunica, Tuolumne, Turner, Tuscaloosa, Tuscarawas, Tuscola, Twiggs, Twin Falls, Tyler, Tyrone (UK), Tyrrell, Uinta, Uintah, Ulster, Ulverstone Municipality, Umatilla, Unicoi, Union, Unknown, Unknown, Upshur, Upson, Upton, Urubamba, Utah, Uvalde, Val Verde, Valdez–Cordova, Valencia, Valley, Van Buren, Van Wert, Van Zandt, Vance, Vanderburgh, Vanua Levu, Venango, Ventura, Vermilion, Vermillion, Vernon, Victoria, Vigo, Vilas, Vinton, Virginia Beach, Viti Levu, Volusia, Wabash, Wabasha, Wabaunsee, Wade Hampton, Wadena, Wagoner, Wahkiakum, Wake, Wakulla, Waldo, Walker, Walla Walla, Wallace, Waller, Wallowa, Walsh, Walthall, Walton, Walworth, Wapello, Waratah Municipality, Ward, Ware, Warren, Warrick, Warwickshire (UK), Wasatch, Wasco, Waseca, Washakie, Washburn, Washington, Washita, Washoe, Washtenaw, Watauga, Watonwan, Waukesha, Waupaca, Waushara, Wayne, Waynesboro, Weakley, Webb, Weber, Webster, Weld, Wells, West Baton Rouge, West Carroll, West Feliciana, West Lothian (Linlithgowshire) (UK), Westchester, Westmoreland, Westmorland (UK), Weston, Wetzel, Wexford, Wharton, Whatcom, Wheatland, Wheeler, White, White Pine, Whiteside, Whitfield, Whitley, Whitman, Wibaux, Wichita, Wicomico, Wigtownshire (UK), Wilbarger, Wilcox, Wilkes, Wilkin, Wilkinson, Will, Will (IL), Willacy, Williams, Williamsburg, Williamson, Wilson, Wiltshire (UK), Winchester, Windham, Windsor, Winkler, Winn, Winnebago, Winneshiek, Winona, Winston, Wirt, Wise, Wolfe, Wood, Woodbury, Woodford, Woodruff, Woods, Woodson, Woodward, Worcester, Worcestershire (UK), Worth, Wrangell, Wright, Wyandot, Wyandotte, Wyoming, Wythe, Yadkin, Yakima, Yakutat, Yalobusha, Yamhill, Yancey, Yankton, Yates, Yavapai, Yazoo, Yell, Yellow Medicine, Yellowstone, Yoakum, Yolo, York, Yorkshire (UK), Young, Yuba, Yukon–Koyukuk, Yuma, Zambales, Zapata, Zavala, Zeehan Municipality, Zhongdian, Ziebach","'Eua, AK, AL, ALB, AR, ARIZ, AZ, AZ Territory, Aamzonas, Acre, Alajuela, Alajuelo, Alberta, Alger, Alta Verapaz, Amazonas, Ancash, Anhui, Antioquia, Antofagasta, Apurimac, Aragua, Araucania, Arequipa, Artigas, Atacama, Atlantida, Ayacucho, Azuay, B.C.S., BCS, BN, Bac Phan, Bahia, Baja California, Baja California Sur, Baja Verapaz, Baleares, Baluchistan, Banguey Island, Barinas, Benguet, Binh Tri Thien, Tinh, Biobio, Regio del, Bismarck Archipelago, Bohol, Bolivar, Boyaca, British Columbia, Brunei, Buenos Aires, Bulacan, CA, CHI, CO, CO Territory, COCA, COL, COP, CT, Cajamarca, Campeche, Canar, Cape Province, Carchi, Caroline Islands, Cartago, Cascajal, Cataluna, Cauca, Cebu, Central, Chalatenango, Chia, Chiang Mai, Changwat, Chiapas, Chihuahua, Chimaltenango, Chimborazo, Chinandega, Chiriqui, Chontales, Chupadero, Chuquisaca, Coahuila, Cochabamba, Cocle, Colima, Comayagua, Concepcion, Coquimbo, Cordoba, Cortes, Costa, Cotopaxi, Cundinamarca, Cuzco, DE, DUR, Darien, Dept. La e, Dept. Mag, Distrito Federal, Durango, East Malaysia, East Sepik, Eastern Division, Eastern Divsion, El Progreso, Esmeraldas, Esteli, FL, Florida, Fujian, GA, GRO, GUAM, Gansu, Goias, Golestan, Granada, Guanacaste, Guanajuato, Guangdong, Guatemala, Guayas, Guerrero, Guizhou, HI, Ha Bach, Tinh, Hainan, Halland, Hamadan, Heidelberg, Heredia, Hidalgo, Honshu, Huancabamba, Huancavelica, Huanuco, Hubei, Huehuetena, Huehuetenango, Humacao, IA, ID, IL, IN, Idaho, Insular, Ipiros, Iqnique Province, Iringa, Isabela, Izabel, JAL, Jalisco, Jalsico, Jawa Timur, Jiangsu, Jujuy, Junin, KS, KY, Kangean, Khorasan Province, Kkanh Hoa, KwaZulu-Natal, LA, LASAN, La Habana, La Libertad, La Paz, La Vega, Lambayeque, Las Villas, Leon, Lima, Limon, Loja, Loreto, Luzon, MA, MD, ME, MI, MIC, MICH, MN, MO, MON, MS, MT, MX, Madre de Dios, Magdalena, Maldonado, Manabi, Manitoba, Mariana Islands, Mato Grosso, Matto Grosso, Mayaguez, Mazandaran, Merida, Meta, Mexico, Michoacan, Minas Gerais, Mindanao, Misiones, Montevideo, Morazan, Morelos, N. Segovia, NAY, NC, ND, NE, NH, NJ, NL, NM, NM-TX, NV, NY, Narino, Nayarit, Neuvo Leon, Nevada, New Brunswick, New South Wales, Newfoundland, Nord, Norte, Norte de Santander, North Ayrshire, Northeastern, Northern, Northern Division, Northern Territory, Northwest Frontier, Northwest Territories, Nova Scotia, Nuevo Leon, Nunavut, O, OH, OK, OR, OR (?), OR or WA, Oaxaca, Ontario, Oregon, Oriente, Otuzco, PA, PE, PMG, PRE, PUE, Palawan, Panama, Panay, Paraguari, Parana, Paris, Pasco, Pataz, Peloponnisos, Peten, Pichincha, Piura, Pohnpei, Pomeroon-Supernaam, Portuguesa, Potosi, Prince Edward Island, Puebla, Puerto Rico, Puno, Puntarenas, Quang Ngai, Quebec, Queensland, Quezaltenango, Quezon, Quiche, RI, Rio de Janeiro, Rizal, S Catarina, S L Potosi, S.L. Potos, SC, SD, SIN, SL Potosi, SON, Sabah, Salta, Samar, San Blas, San Jose, San Luis, San Luis Potosi, San Luis a, San Martin, San Miguel, San Pedro, Santa Barbara, Santa Catarina, Santa Cruz, Santander, Santiago, Region Met, Sao Paulo, Sarawak, Saskatchewan, Savaii Island, Scotland, Semnan, Seybo, Sichuan, Sierra, Sinaloa, Societe, Iles de la, Societe, Isles de la, Sonora, Sonsonate, South Australia, Southern Cook Island, St. Andrew, St. Croix, Stann Creek, Sulu, Sumatera, TAB, TAM, TN, TX, TX , TX-NM, Tabasco, Tachira, Tacna, Tamaulipas, Tarank Province, Tarija, Tarma, Tasmania, Tehran, Tierra del Fuego, Tlaxcala, Toledo, Tongatapu, Trelawny, Trujillo, Tuamotu, Archipel de, Tubuai, Iles, Tucuman, Tutuila Island, UT, Unknown, Upolu Island, Utah, VA, VT, Valle, Valparaiso, Vaupes, Veracruz, Verguas, Victoria, WA, WA Territory, WAS, WI, WN, WV, WY, Wales, Western Australia, Western Cape, Wyoming, Xizang, Yaracuy, Yoro, Yucatan, Yukon Territory, Yunnan, Zacatecas, Zhejiang, Zulia, w TX to NM, w. TX - El Paso, NM, w. TX - El Paso,NM","AD, AE, AI, AL, AO, AQ, AT, AW, AX, AZ, Afghanistan, Algeria, American Samoa, Antigua, Antigua and Barbuda, Argentina, Armenia, Australia, BA, BB, BD, BF, BG, BH, BI, BJ, BL, BQ, BS, BT, BV, BW, BY, Belgium, Belize, Bermuda, Bolivia, Borneo, Brazil, Brunei, CC, CF, CG, CH, CI, CV, CW, CX, CY, CZ, Cambodia, Cameroon, Canada, Chile, China, Colombia, Cook Islands, Costa Rica, Croatia, Cuba, D R Congo, DJ, DM, Denmark, Dominican Republic, EE, EG, EH, ER, ET, Ecuador, El Salvador, Ellas, Equatorial Guinea, Espana, FK, FO, Fiji, Finland, France, GA, GD, GE, GF, GG, GH, GI, GM, GN, GS, GU, GW, Germany, Greenland, Guadeloupe, Guatemala, Guyana, HK, HM, HN, Haiti, Hispaniola, Honduras, IM, IO, IQ, Iceland, India, Indonesia, Iran, Ireland, Israel, Italy, JE, Jamaica, Japan, Jordan, KG, KI, KM, KN, KP, KW, KY, KZ, Kenya, LA, LI, LR, LS, LT, LU, LV, LY, Lebanon, MC, MD, ME, MF, MK, ML, MO, MP, MQ, MR, MS, MT, MU, MV, MZ, Madagascar, Malawi, Malaysia, Marshall Islands, Mexico, Micronesia, Mongolia, Morocco, Myanmar, NE, NF, NG, NR, Namibia, Nepal, Netherlands, Netherlands Antilles, New Caledonia, New Zealand, Nicaragua, Nihon, Niue, Norway, OM, PF, PL, PM, PN, PS, PW, Pakistan, Panama, Papua New Guinea, Paraguay, Peru, Philippines, Polynesia, Polynesie francaise, Portugal, Prathet Thai, Puerto Rico, QA, RO, RS, RW, Republica Dominicana, Reunion, Russia, SA, SG, SJ, SK, SL, SM, SN, SO, SS, ST, SX, SZ, Saint Helena, Saint Lucia, Samoa, Scotland, Seychelles, Slovenia, Solomon Islands, South Africa, South Korea, Spain, Sri Lanka, Sudan, Suriname, Sweden, Syria, TC, TD, TF, TG, TJ, TK, TL, TM, TN, TV, Taiwan, Tanzania, Thailand, Tonga, Trinidad and Tobago, Turkey, UA, UM, USA, UZ, Uganda, United Kingdom, Uruguay, VA, VC, VG, Vanuatu, Venezuela, Viet Nam, Virgin Islands, WF, Western Samoa, YE, YT, ZM, ZW, Zhonghua, unknown","North America, pacificocean","","","","",vocabulary: vcoordsys,"","","ADG66, NAD27, NAD83, NAD83&amp;WGS84, Not Recorded, WGS84","","feet, kilometers, meters, miles, unknown","","","","centimeters, fathoms, feet, furlongs, inches, kilometers, meters, miles, rods, uncertain","","","","feet, meters, uncertain","","","","centimeters, fathoms, feet, furlongs, inches, kilometers, meters, miles, rods, uncertain","","","","","","","","","","","biogeomancer, chapman-wieczorek-2006-guide-best-practices-georeferencing, georeferencing-dummies, manis-herpnet-ornis-georeferencing-guidelines","","unverified, verified-contributor, verified-data-custodian","","","magnetic-tape-type, record-speed","78, metal",rpm
CSVHEADER,objectNumber,numberOfObjects,numberValue,numberType,responsibleDepartment,collection,namedCollection,recordStatus,briefDescription,computedCurrentLocationLocationLocal,computedCurrentLocationLocationOffsite,computedCurrentLocationOrganization,ethnoFileCode,publishTo,inventoryStatus,objectName,objectNameCurrency,objectNameLevel,objectNameSystem,objectNameType,objectNameLanguage,objectNameNote,assocPeople,assocPeopleType,assocPeopleNote,comment,annotationType,annotationNote,annotationDate,annotationAuthor,measuredPart,dimensionSummary,dimension,measuredByPerson,measuredByOrganization,measurementMethod,value,measurementUnit,valueQualifier,valueDate,material,materialComponent,materialComponentNote,materialName,materialSource,title,titleLanguage,titleType,titleTranslation,titleTranslationLanguage,usage,usageNote,fieldCollectionDateGroup,fieldCollectionMethod,fieldCollectionPlaceLocal,fieldCollectionPlaceTgn,fieldLocVerbatim,fieldCollectionSource,fieldCollectorPerson,fieldCollectorOrganization,fieldCollectionNumber,fieldColEventName,fieldCollectionFeature,fieldCollectionNote,objectProductionDateGroup,technique,techniqueType,objectProductionPlaceLocal,objectProductionPlaceTgn,objectProductionPlaceRole,objectProductionReason,objectProductionPeopleArchculture,objectProductionPeopleEthculture,objectProductionPeopleRole,objectProductionPerson,objectProductionPersonRole,objectProductionOrganization,objectProductionOrganizationRole,objectProductionNote,nagpraInventoryName,nagpraCategory,graveAssocCode,repatriationNote,nagpraDetermCulture,nagpraDetermType,nagpraDetermByPerson,nagpraDetermByOrganization,nagpraDetermNote,nagpraReportFiled,nagpraReportFiledByPerson,nagpraReportFiledByOrganization,nagpraReportFiledDate,culturalCareNote,limitationType,limitationLevel,limitationDetails,requester,requestOnBehalfOf,requestDate,form,copyNumber,editionNumber,style,color,physicalDescription,distinguishingFeatures,objectComponentName,objectComponentInformation,sex,phase,ageQualifier,age,ageUnit,taxon,qualifier,identByPerson,identByOrganization,identDateGroup,institution,identKind,reference,refPage,notes,minIndividuals,bone,side,count,dentition,commingledRemainsGroup_sex,ageRange,mortuaryTreatment,mortuaryTreatmentNote,behrensmeyerSingleLower,behrensmeyerUpper,commingledRemainsNote,contentDescription,contentLanguage,contentActivity,contentConceptAssociated,contentConceptMaterial,contentDateGroup,contentPosition,contentObject,contentObjectType,contentPeople,contentPersonLocal,contentPersonUlan,contentPlace,contentScript,contentOrganizationLocal,contentOrganizationUlan,contentEventName,contentEventNameType,contentOther,contentOtherType,contentNote,inscriptionContent,inscriptionContentInscriberPerson,inscriptionContentInscriberOrganization,inscriptionContentLanguage,inscriptionContentDateGroup,inscriptionContentPosition,inscriptionContentScript,inscriptionContentType,inscriptionContentMethod,inscriptionContentInterpretation,inscriptionContentTranslation,inscriptionContentTransliteration,inscriptionDescription,inscriptionDescriptionInscriberPerson,inscriptionDescriptionInscriberOrganization,inscriptionDescriptionDateGroup,inscriptionDescriptionPosition,inscriptionDescriptionType,inscriptionDescriptionMethod,inscriptionDescriptionInterpretation,assocActivity,assocActivityType,assocActivityNote,assocObject,assocObjectType,assocObjectNote,assocConcept,assocConceptType,assocConceptNote,assocCulturalContext,assocCulturalContextType,assocCulturalContextNote,assocOrganization,assocOrganizationType,assocOrganizationNote,assocPerson,assocPersonType,assocPersonNote,assocPlace,assocPlaceType,assocPlaceNote,assocEventName,assocEventNameType,assocEventOrganization,assocEventPeople,assocEventPerson,assocEventPlace,assocEventNote,assocStructuredDateGroup,assocDateType,assocDateNote,objectHistoryNote,anthroOwnerPerson,anthroOwnerOrganization,anthroOwnershipDateGroup,anthroOwnershipCategory,anthroOwnershipPlace,anthroOwnershipMethod,anthroOwnershipPriceCurrency,anthroOwnershipPriceAmount,anthroOwnershipNote,ownersPersonalExperience,ownersPersonalResponse,ownersReference,ownersContributionNote,viewersRole,viewersPersonalExperience,viewersPersonalResponse,viewersReference,viewersContributionNote,referenceLocal,referenceWorldcat,referenceNote,localityGroup_fieldLocVerbatim,fieldLocPlace,taxonomicRange,fieldLocCounty,fieldLocState,fieldLocCountry,fieldLocHigherGeography,vLatitude,vLongitude,vCoordinates,vOtherCoords,vCoordSys,decimalLatitude,decimalLongitude,geodeticDatum,coordUncertainty,coordUncertaintyUnit,vDepth,minDepth,maxDepth,depthUnit,vElevation,minElevation,maxElevation,elevationUnit,vDistanceAboveSurface,minDistanceAboveSurface,maxDistanceAboveSurface,distanceAboveSurfaceUnit,localityNote,localitySource,localitySourceDetail,pointRadiusSpatialFit,footprintWKT,footprintSRS,footprintSpatialFit,coordPrecision,geoRefencedBy,geoRefDateGroup,geoRefProtocol,geoRefSource,geoRefVerificationStatus,geoRefRemarks,geoRefPlaceName,technicalAttribute,technicalAttributeMeasurement,technicalAttributeMeasurementUnit
